Season,WTeamID,W_seed,LTeamID,L_seed
1985,1116,9,1234,8
1985,1120,11,1345,6
1985,1207,1,1250,16
1985,1229,9,1425,8
1985,1242,3,1325,14
1985,1246,12,1449,5
1985,1256,5,1338,12
1985,1260,4,1233,13
1985,1314,2,1292,15
1985,1323,7,1333,10
1985,1326,4,1235,13
1985,1328,1,1299,16
1985,1374,5,1330,12
1985,1385,1,1380,16
1985,1396,8,1439,9
1985,1424,4,1361,13
1985,1104,7,1112,10
1985,1130,11,1403,6
1985,1181,3,1337,14
1985,1208,6,1455,11
1985,1210,2,1273,15
1985,1228,3,1318,14
1985,1268,5,1275,12
1985,1272,2,1335,15
1985,1276,1,1192,16
1985,1298,13,1261,4
1985,1301,3,1305,14
1985,1393,7,1177,10
1985,1412,7,1277,10
1985,1431,11,1409,6
1985,1433,2,1267,15
1985,1437,8,1173,9
1985,1120,11,1242,3
1985,1207,1,1396,8
1985,1246,12,1424,4
1985,1256,5,1326,4
1985,1260,4,1374,5
1985,1314,2,1323,7
1985,1328,1,1229,9
1985,1385,1,1116,9
1985,1104,7,1433,2
1985,1130,11,1181,3
1985,1210,2,1393,7
1985,1228,3,1208,6
1985,1268,5,1298,13
1985,1272,2,1412,7
1985,1301,3,1431,11
1985,1437,8,1276,1
1985,1207,1,1260,4
1985,1210,2,1228,3
1985,1272,2,1130,11
1985,1328,1,1256,5
1985,1301,3,1104,7
1985,1314,2,1120,11
1985,1385,1,1246,12
1985,1437,8,1268,5
1985,1207,1,1210,2
1985,1272,2,1328,1
1985,1385,1,1301,3
1985,1437,8,1314,2
1985,1207,1,1385,1
1985,1437,8,1272,2
1985,1437,8,1207,1
1986,1133,7,1431,10
1986,1177,12,1438,5
1986,1181,1,1290,16
1986,1207,4,1403,13
1986,1210,2,1265,15
1986,1242,1,1299,16
1986,1257,2,1180,15
1986,1261,11,1345,6
1986,1272,3,1123,14
1986,1277,5,1449,12
1986,1314,3,1428,14
1986,1328,4,1318,13
1986,1330,8,1452,9
1986,1396,9,1239,8
1986,1412,6,1281,11
1986,1437,10,1439,7
1986,1104,5,1462,12
1986,1114,14,1323,3
1986,1120,8,1112,9
1986,1156,14,1231,3
1986,1228,4,1193,13
1986,1235,7,1275,10
1986,1246,1,1172,16
1986,1268,5,1337,12
1986,1276,2,1103,15
1986,1298,7,1409,10
1986,1301,6,1234,11
1986,1385,1,1286,16
1986,1386,6,1350,11
1986,1393,2,1135,15
1986,1424,4,1419,13
1986,1443,8,1304,9
1986,1177,12,1328,4
1986,1181,1,1330,8
1986,1210,2,1437,10
1986,1242,1,1396,9
1986,1257,2,1133,7
1986,1261,11,1272,3
1986,1277,5,1207,4
1986,1314,3,1412,6
1986,1104,5,1228,4
1986,1120,8,1385,1
1986,1156,14,1386,6
1986,1235,7,1276,2
1986,1246,1,1443,8
1986,1298,7,1393,2
1986,1301,6,1114,14
1986,1424,4,1268,5
1986,1120,8,1424,4
1986,1246,1,1104,5
1986,1257,2,1314,3
1986,1261,11,1210,2
1986,1181,1,1177,12
1986,1242,1,1277,5
1986,1298,7,1156,14
1986,1301,6,1235,7
1986,1257,2,1120,8
1986,1261,11,1246,1
1986,1181,1,1298,7
1986,1242,1,1301,6
1986,1181,1,1242,1
1986,1257,2,1261,11
1986,1257,2,1181,1
1987,1104,2,1299,15
1987,1120,8,1360,9
1987,1122,14,1228,3
1987,1181,5,1401,12
1987,1231,1,1193,16
1987,1243,9,1208,8
1987,1276,9,1298,8
1987,1309,7,1140,10
1987,1314,1,1335,16
1987,1323,5,1292,12
1987,1344,6,1412,11
1987,1395,4,1267,13
1987,1417,4,1141,13
1987,1424,1,1226,16
1987,1461,12,1438,5
1987,1462,13,1281,4
1987,1177,3,1256,14
1987,1196,6,1301,11
1987,1207,1,1137,16
1987,1234,2,1365,15
1987,1242,5,1222,12
1987,1261,10,1210,7
1987,1283,13,1155,4
1987,1326,9,1246,8
1987,1328,6,1409,11
1987,1338,3,1265,14
1987,1345,3,1318,14
1987,1385,6,1455,11
1987,1393,2,1204,15
1987,1396,2,1380,15
1987,1431,7,1112,10
1987,1443,10,1452,7
1987,1104,2,1309,7
1987,1181,5,1462,13
1987,1231,1,1120,8
1987,1314,1,1276,9
1987,1323,5,1395,4
1987,1344,6,1122,14
1987,1424,1,1243,9
1987,1461,12,1417,4
1987,1177,3,1385,6
1987,1196,6,1345,3
1987,1207,1,1326,9
1987,1234,2,1431,7
1987,1242,5,1283,13
1987,1261,10,1396,2
1987,1328,6,1338,3
1987,1393,2,1443,10
1987,1207,1,1242,5
1987,1314,1,1323,5
1987,1344,6,1104,2
1987,1393,2,1196,6
1987,1231,1,1181,5
1987,1234,2,1328,6
1987,1261,10,1177,3
1987,1424,1,1461,12
1987,1344,6,1207,1
1987,1393,2,1314,1
1987,1231,1,1261,10
1987,1424,1,1234,2
1987,1231,1,1424,1
1987,1393,2,1344,6
1987,1231,1,1393,2
1988,1120,8,1133,9
1988,1140,4,1150,13
1988,1177,5,1455,12
1988,1181,2,1131,15
1988,1196,6,1385,11
1988,1243,4,1247,13
1988,1257,5,1333,12
1988,1258,10,1461,7
1988,1272,9,1124,8
1988,1276,3,1129,14
1988,1314,2,1317,15
1988,1328,1,1151,16
1988,1345,1,1192,16
1988,1348,11,1281,6
1988,1374,7,1323,10
1988,1393,3,1299,14
1988,1112,1,1165,16
1988,1207,8,1261,9
1988,1210,5,1235,12
1988,1228,3,1427,14
1988,1234,5,1199,12
1988,1242,6,1462,11
1988,1246,2,1380,15
1988,1268,7,1364,10
1988,1293,14,1301,3
1988,1338,2,1185,15
1988,1350,13,1231,4
1988,1371,8,1431,9
1988,1396,1,1250,16
1988,1424,4,1283,13
1988,1435,7,1429,10
1988,1437,6,1116,11
1988,1181,2,1374,7
1988,1243,4,1177,5
1988,1257,5,1140,4
1988,1276,3,1196,6
1988,1314,2,1258,10
1988,1328,1,1120,8
1988,1345,1,1272,9
1988,1348,11,1393,3
1988,1112,1,1371,8
1988,1234,5,1424,4
1988,1242,6,1293,14
1988,1246,2,1268,7
1988,1350,13,1210,5
1988,1396,1,1207,8
1988,1435,7,1338,2
1988,1437,6,1228,3
1988,1181,2,1348,11
1988,1328,1,1257,5
1988,1396,1,1350,13
1988,1437,6,1246,2
1988,1112,1,1234,5
1988,1242,6,1435,7
1988,1243,4,1345,1
1988,1314,2,1276,3
1988,1181,2,1396,1
1988,1328,1,1437,6
1988,1112,1,1314,2
1988,1242,6,1243,4
1988,1242,6,1181,2
1988,1328,1,1112,1
1988,1242,6,1328,1
1989,1112,1,1352,16
1989,1116,5,1258,12
1989,1123,9,1338,8
1989,1155,9,1388,8
1989,1177,12,1272,5
1989,1181,2,1354,15
1989,1228,1,1270,16
1989,1256,9,1247,8
1989,1257,4,1114,13
1989,1278,11,1243,6
1989,1292,13,1199,4
1989,1328,1,1190,16
1989,1373,14,1390,3
1989,1424,4,1225,13
1989,1438,5,1344,12
1989,1452,7,1397,10
1989,1161,10,1196,7
1989,1191,11,1333,6
1989,1207,1,1343,16
1989,1231,2,1206,15
1989,1234,4,1353,13
1989,1276,3,1462,14
1989,1281,3,1166,14
1989,1301,5,1376,12
1989,1314,2,1380,15
1989,1323,9,1435,8
1989,1371,3,1283,14
1989,1375,11,1104,6
1989,1393,2,1137,15
1989,1400,11,1210,6
1989,1417,7,1235,10
1989,1431,7,1261,10
1989,1112,1,1155,9
1989,1181,2,1452,7
1989,1228,1,1123,9
1989,1257,4,1116,5
1989,1278,11,1373,14
1989,1328,1,1256,9
1989,1424,4,1177,12
1989,1438,5,1292,13
1989,1207,1,1323,9
1989,1231,2,1431,7
1989,1276,3,1375,11
1989,1281,3,1400,11
1989,1301,5,1234,4
1989,1314,2,1417,7
1989,1371,3,1191,11
1989,1393,2,1161,10
1989,1276,3,1314,2
1989,1371,3,1231,2
1989,1424,4,1112,1
1989,1438,5,1328,1
1989,1181,2,1278,11
1989,1207,1,1301,5
1989,1228,1,1257,4
1989,1393,2,1281,3
1989,1276,3,1438,5
1989,1371,3,1424,4
1989,1181,2,1207,1
1989,1228,1,1393,2
1989,1276,3,1228,1
1989,1371,3,1181,2
1989,1276,3,1371,3
1990,1116,4,1343,13
1990,1123,12,1333,5
1990,1143,9,1231,8
1990,1155,5,1140,12
1990,1163,1,1131,16
1990,1173,12,1228,5
1990,1210,4,1190,13
1990,1247,4,1379,13
1990,1257,4,1225,13
1990,1261,5,1437,12
1990,1277,1,1293,16
1990,1314,8,1283,9
1990,1326,8,1344,9
1990,1328,1,1406,16
1990,1364,9,1222,8
1990,1424,1,1114,16
1990,1104,7,1161,10
1990,1112,2,1378,15
1990,1181,3,1350,14
1990,1207,3,1411,14
1990,1242,2,1352,15
1990,1258,11,1308,6
1990,1276,3,1229,14
1990,1278,6,1431,11
1990,1320,14,1281,3
1990,1345,2,1419,15
1990,1385,6,1396,11
1990,1393,2,1164,15
1990,1400,10,1208,7
1990,1417,7,1412,10
1990,1438,7,1323,10
1990,1462,6,1243,11
1990,1116,4,1173,12
1990,1123,12,1257,4
1990,1155,5,1247,4
1990,1163,1,1143,9
1990,1210,4,1261,5
1990,1277,1,1364,9
1990,1314,8,1328,1
1990,1424,1,1326,8
1990,1104,7,1112,2
1990,1181,3,1385,6
1990,1258,11,1276,3
1990,1278,6,1320,14
1990,1393,2,1438,7
1990,1400,10,1345,2
1990,1417,7,1242,2
1990,1462,6,1207,3
1990,1116,4,1314,8
1990,1163,1,1155,5
1990,1181,3,1417,7
1990,1400,10,1462,6
1990,1210,4,1277,1
1990,1258,11,1104,7
1990,1278,6,1393,2
1990,1424,1,1123,12
1990,1116,4,1400,10
1990,1181,3,1163,1
1990,1210,4,1278,6
1990,1424,1,1258,11
1990,1181,3,1116,4
1990,1424,1,1210,4
1990,1424,1,1181,3
1991,1112,2,1384,15
1991,1140,10,1438,7
1991,1163,11,1261,6
1991,1166,11,1308,6
1991,1181,2,1419,15
1991,1199,7,1425,10
1991,1231,2,1157,15
1991,1234,7,1190,10
1991,1242,3,1309,14
1991,1301,6,1379,11
1991,1329,3,1307,14
1991,1338,6,1208,11
1991,1350,15,1393,2
1991,1371,3,1337,14
1991,1396,10,1345,7
1991,1462,14,1304,3
1991,1104,4,1293,13
1991,1113,8,1353,9
1991,1116,1,1209,16
1991,1185,12,1280,5
1991,1207,8,1435,9
1991,1210,8,1177,9
1991,1277,5,1453,12
1991,1314,1,1318,16
1991,1326,1,1406,16
1991,1336,13,1417,4
1991,1385,4,1296,13
1991,1400,5,1389,12
1991,1424,1,1285,16
1991,1428,4,1375,13
1991,1437,9,1343,8
1991,1448,5,1256,12
1991,1112,2,1140,10
1991,1163,11,1462,14
1991,1181,2,1234,7
1991,1231,2,1199,7
1991,1242,3,1338,6
1991,1329,3,1301,6
1991,1371,3,1166,11
1991,1396,10,1350,15
1991,1104,4,1448,5
1991,1116,1,1113,8
1991,1185,12,1336,13
1991,1314,1,1437,9
1991,1326,1,1210,8
1991,1385,4,1400,5
1991,1424,1,1207,8
1991,1428,4,1277,5
1991,1116,1,1104,4
1991,1242,3,1231,2
1991,1371,3,1112,2
1991,1424,1,1428,4
1991,1181,2,1163,11
1991,1314,1,1185,12
1991,1385,4,1326,1
1991,1396,10,1329,3
1991,1242,3,1116,1
1991,1424,1,1371,3
1991,1181,2,1385,4
1991,1314,1,1396,10
1991,1181,2,1424,1
1991,1242,3,1314,1
1991,1181,2,1242,3
1992,1104,5,1390,12
1992,1116,3,1293,14
1992,1163,9,1304,8
1992,1181,1,1144,16
1992,1199,3,1285,14
1992,1207,6,1378,11
1992,1210,7,1222,10
1992,1231,2,1183,15
1992,1234,9,1400,8
1992,1261,7,1140,10
1992,1272,6,1337,11
1992,1281,5,1452,12
1992,1314,4,1275,13
1992,1326,1,1290,16
1992,1371,4,1247,13
1992,1425,2,1419,15
1992,1153,4,1174,13
1992,1190,14,1112,3
1992,1235,10,1150,7
1992,1242,1,1224,16
1992,1246,2,1330,15
1992,1257,8,1448,9
1992,1269,3,1200,14
1992,1276,6,1396,11
1992,1277,5,1283,12
1992,1308,12,1177,5
1992,1329,2,1204,15
1992,1393,6,1343,11
1992,1408,10,1385,7
1992,1417,1,1352,16
1992,1418,13,1328,4
1992,1431,9,1191,8
1992,1181,1,1234,9
1992,1199,3,1207,6
1992,1210,7,1425,2
1992,1231,2,1261,7
1992,1272,6,1116,3
1992,1314,4,1104,5
1992,1326,1,1163,9
1992,1371,4,1281,5
1992,1153,4,1277,5
1992,1246,2,1235,10
1992,1269,3,1393,6
1992,1276,6,1190,14
1992,1308,12,1418,13
1992,1329,2,1408,10
1992,1417,1,1257,8
1992,1431,9,1242,1
1992,1181,1,1371,4
1992,1231,2,1199,3
1992,1246,2,1269,3
1992,1417,1,1308,12
1992,1153,4,1431,9
1992,1272,6,1210,7
1992,1276,6,1329,2
1992,1326,1,1314,4
1992,1181,1,1246,2
1992,1231,2,1417,1
1992,1153,4,1272,6
1992,1276,6,1326,1
1992,1181,1,1231,2
1992,1276,6,1153,4
1992,1181,1,1276,6
1993,1116,4,1221,13
1993,1140,7,1374,10
1993,1143,6,1261,11
1993,1181,3,1356,14
1993,1199,3,1191,14
1993,1228,6,1253,11
1993,1242,2,1123,15
1993,1314,1,1187,16
1993,1348,8,1345,9
1993,1365,15,1112,2
1993,1371,2,1398,15
1993,1385,5,1403,12
1993,1396,7,1281,10
1993,1408,11,1243,6
1993,1435,3,1129,14
1993,1443,7,1272,10
1993,1153,2,1164,15
1993,1203,12,1307,5
1993,1231,1,1460,16
1993,1234,4,1419,13
1993,1246,1,1351,16
1993,1257,4,1174,13
1993,1269,3,1335,14
1993,1276,1,1157,16
1993,1308,7,1304,10
1993,1329,5,1266,12
1993,1380,13,1210,4
1993,1417,9,1235,8
1993,1428,8,1338,9
1993,1438,6,1264,11
1993,1448,5,1151,12
1993,1462,9,1309,8
1993,1116,4,1385,5
1993,1143,6,1181,3
1993,1199,3,1408,11
1993,1242,2,1140,7
1993,1314,1,1348,8
1993,1396,7,1365,15
1993,1435,3,1228,6
1993,1443,7,1371,2
1993,1153,2,1308,7
1993,1203,12,1380,13
1993,1231,1,1462,9
1993,1246,1,1428,8
1993,1257,4,1329,5
1993,1276,1,1417,9
1993,1438,6,1269,3
1993,1448,5,1234,4
1993,1199,3,1443,7
1993,1231,1,1257,4
1993,1242,2,1143,6
1993,1246,1,1448,5
1993,1153,2,1438,6
1993,1276,1,1203,12
1993,1314,1,1116,4
1993,1396,7,1435,3
1993,1242,2,1231,1
1993,1246,1,1199,3
1993,1276,1,1396,7
1993,1314,1,1153,2
1993,1276,1,1246,1
1993,1314,1,1242,2
1993,1314,1,1276,1
1994,1104,9,1344,8
1994,1163,2,1351,15
1994,1196,3,1241,14
1994,1203,10,1412,7
1994,1242,4,1151,13
1994,1268,10,1387,7
1994,1269,2,1402,15
1994,1276,3,1337,14
1994,1281,1,1298,16
1994,1335,11,1304,6
1994,1345,1,1416,16
1994,1393,4,1218,13
1994,1400,6,1443,11
1994,1448,5,1158,12
1994,1453,12,1143,5
1994,1458,9,1153,8
1994,1112,2,1259,15
1994,1116,1,1299,16
1994,1130,9,1450,8
1994,1181,2,1411,15
1994,1207,9,1228,8
1994,1231,5,1325,12
1994,1246,3,1398,14
1994,1257,3,1129,14
1994,1266,6,1418,11
1994,1277,7,1371,10
1994,1278,6,1356,11
1994,1314,1,1251,16
1994,1329,4,1308,13
1994,1396,4,1180,13
1994,1409,12,1417,5
1994,1438,7,1307,10
1994,1163,2,1203,10
1994,1196,3,1335,11
1994,1242,4,1448,5
1994,1268,10,1269,2
1994,1276,3,1400,6
1994,1281,1,1458,9
1994,1345,1,1104,9
1994,1393,4,1453,12
1994,1112,2,1438,7
1994,1116,1,1207,9
1994,1130,9,1314,1
1994,1181,2,1277,7
1994,1231,5,1396,4
1994,1257,3,1278,6
1994,1266,6,1246,3
1994,1409,12,1329,4
1994,1112,2,1257,3
1994,1181,2,1266,6
1994,1281,1,1393,4
1994,1345,1,1242,4
1994,1116,1,1409,12
1994,1130,9,1231,5
1994,1196,3,1163,2
1994,1276,3,1268,10
1994,1112,2,1281,1
1994,1181,2,1345,1
1994,1116,1,1276,3
1994,1196,3,1130,9
1994,1116,1,1112,2
1994,1181,2,1196,3
1994,1116,1,1181,2
1995,1104,5,1335,12
1995,1113,5,1123,12
1995,1153,7,1396,10
1995,1163,2,1151,15
1995,1242,1,1159,16
1995,1246,1,1291,16
1995,1264,13,1328,4
1995,1268,3,1211,14
1995,1275,12,1112,5
1995,1329,4,1180,13
1995,1387,9,1278,8
1995,1400,11,1332,6
1995,1408,9,1140,8
1995,1438,4,1311,13
1995,1443,8,1276,9
1995,1448,1,1299,16
1995,1116,2,1411,15
1995,1207,6,1462,11
1995,1235,7,1196,10
1995,1269,2,1389,15
1995,1272,6,1257,11
1995,1280,5,1365,12
1995,1281,8,1231,9
1995,1314,2,1293,15
1995,1330,14,1437,3
1995,1345,3,1453,14
1995,1390,10,1150,7
1995,1393,7,1356,10
1995,1409,6,1228,11
1995,1417,1,1198,16
1995,1428,4,1253,13
1995,1451,14,1277,3
1995,1113,5,1264,13
1995,1163,2,1153,7
1995,1242,1,1443,8
1995,1246,1,1408,9
1995,1268,3,1400,11
1995,1329,4,1104,5
1995,1438,4,1275,12
1995,1448,1,1387,9
1995,1116,2,1393,7
1995,1207,6,1451,14
1995,1269,2,1390,10
1995,1272,6,1345,3
1995,1280,5,1428,4
1995,1314,2,1235,7
1995,1409,6,1330,14
1995,1417,1,1281,8
1995,1163,2,1268,3
1995,1246,1,1113,5
1995,1314,2,1207,6
1995,1417,1,1280,5
1995,1116,2,1272,6
1995,1269,2,1409,6
1995,1329,4,1448,1
1995,1438,4,1242,1
1995,1314,2,1246,1
1995,1417,1,1163,2
1995,1116,2,1438,4
1995,1329,4,1269,2
1995,1116,2,1314,2
1995,1417,1,1329,4
1995,1417,1,1116,2
1996,1116,12,1336,5
1996,1163,1,1159,16
1996,1180,12,1272,5
1996,1185,9,1181,8
1996,1208,8,1155,9
1996,1235,5,1143,12
1996,1246,1,1363,16
1996,1266,4,1284,13
1996,1269,1,1416,16
1996,1280,5,1433,12
1996,1343,13,1417,4
1996,1345,1,1441,16
1996,1390,9,1133,8
1996,1393,4,1286,13
1996,1428,4,1145,13
1996,1439,9,1453,8
1996,1112,3,1434,14
1996,1130,11,1231,6
1996,1153,2,1422,15
1996,1207,2,1290,15
1996,1210,3,1122,14
1996,1234,6,1203,11
1996,1242,2,1354,15
1996,1257,6,1409,11
1996,1307,7,1243,10
1996,1314,6,1309,11
1996,1365,10,1268,7
1996,1396,7,1328,10
1996,1400,10,1276,7
1996,1403,3,1296,14
1996,1437,3,1339,14
1996,1448,2,1419,15
1996,1116,12,1266,4
1996,1163,1,1185,9
1996,1208,8,1345,1
1996,1246,1,1439,9
1996,1269,1,1390,9
1996,1280,5,1343,13
1996,1393,4,1180,12
1996,1428,4,1235,5
1996,1112,3,1234,6
1996,1153,2,1396,7
1996,1207,2,1307,7
1996,1210,3,1130,11
1996,1242,2,1365,10
1996,1257,6,1437,3
1996,1403,3,1314,6
1996,1448,2,1400,10
1996,1207,2,1403,3
1996,1246,1,1428,4
1996,1269,1,1116,12
1996,1448,2,1257,6
1996,1153,2,1210,3
1996,1242,2,1112,3
1996,1280,5,1163,1
1996,1393,4,1208,8
1996,1246,1,1448,2
1996,1269,1,1207,2
1996,1280,5,1153,2
1996,1393,4,1242,2
1996,1246,1,1269,1
1996,1393,4,1280,5
1996,1246,1,1393,4
1997,1112,4,1375,13
1997,1130,5,1434,12
1997,1143,5,1343,12
1997,1153,3,1139,14
1997,1158,12,1268,5
1997,1160,9,1231,8
1997,1234,8,1438,9
1997,1235,6,1229,11
1997,1242,1,1238,16
1997,1246,1,1285,16
1997,1314,1,1193,16
1997,1345,8,1348,9
1997,1386,4,1334,13
1997,1417,2,1149,15
1997,1437,4,1254,13
1997,1462,7,1435,10
1997,1150,7,1207,10
1997,1151,14,1208,3
1997,1155,4,1275,13
1997,1164,15,1376,2
1997,1181,2,1293,15
1997,1228,6,1425,11
1997,1257,6,1269,11
1997,1278,1,1402,16
1997,1307,3,1330,14
1997,1344,10,1266,7
1997,1390,6,1328,11
1997,1396,9,1279,8
1997,1400,10,1458,7
1997,1409,5,1131,12
1997,1428,2,1298,15
1997,1448,3,1388,14
1997,1112,4,1158,12
1997,1143,5,1437,4
1997,1235,6,1153,3
1997,1242,1,1345,8
1997,1246,1,1234,8
1997,1314,1,1160,9
1997,1386,4,1130,5
1997,1417,2,1462,7
1997,1151,14,1228,6
1997,1155,4,1409,5
1997,1257,6,1307,3
1997,1278,1,1396,9
1997,1344,10,1181,2
1997,1390,6,1448,3
1997,1400,10,1164,15
1997,1428,2,1150,7
1997,1246,1,1386,4
1997,1278,1,1155,4
1997,1417,2,1235,6
1997,1428,2,1390,6
1997,1112,4,1242,1
1997,1257,6,1400,10
1997,1314,1,1143,5
1997,1344,10,1151,14
1997,1246,1,1428,2
1997,1278,1,1417,2
1997,1112,4,1344,10
1997,1314,1,1257,6
1997,1112,4,1314,1
1997,1246,1,1278,1
1997,1112,4,1246,1
1998,1112,1,1311,16
1998,1116,6,1304,11
1998,1150,8,1227,9
1998,1153,2,1319,15
1998,1163,2,1192,15
1998,1228,5,1375,12
1998,1229,9,1397,8
1998,1231,7,1328,10
1998,1268,4,1429,13
1998,1277,4,1185,13
1998,1314,1,1298,16
1998,1343,5,1424,12
1998,1350,14,1376,3
1998,1428,3,1362,14
1998,1449,11,1462,6
1998,1452,10,1396,7
1998,1178,10,1385,7
1998,1181,1,1347,16
1998,1199,12,1395,5
1998,1242,1,1341,16
1998,1246,2,1354,15
1998,1276,3,1172,14
1998,1307,4,1139,13
1998,1329,8,1203,9
1998,1345,2,1174,15
1998,1348,8,1293,9
1998,1387,10,1269,7
1998,1390,3,1158,14
1998,1393,5,1233,12
1998,1417,6,1274,11
1998,1434,13,1279,4
1998,1444,11,1155,6
1998,1112,1,1229,9
1998,1163,2,1231,7
1998,1268,4,1228,5
1998,1277,4,1343,5
1998,1314,1,1150,8
1998,1428,3,1116,6
1998,1449,11,1350,14
1998,1452,10,1153,2
1998,1181,1,1329,8
1998,1246,2,1387,10
1998,1345,2,1178,10
1998,1348,8,1242,1
1998,1390,3,1444,11
1998,1393,5,1307,4
1998,1417,6,1276,3
1998,1434,13,1199,12
1998,1112,1,1268,4
1998,1163,2,1449,11
1998,1314,1,1277,4
1998,1428,3,1452,10
1998,1181,1,1393,5
1998,1246,2,1417,6
1998,1348,8,1434,13
1998,1390,3,1345,2
1998,1314,1,1163,2
1998,1428,3,1112,1
1998,1246,2,1181,1
1998,1390,3,1348,8
1998,1246,2,1390,3
1998,1428,3,1314,1
1998,1246,2,1428,3
1999,1116,4,1373,13
1999,1120,1,1457,16
1999,1163,1,1427,16
1999,1166,10,1257,7
1999,1178,12,1417,5
1999,1196,6,1335,11
1999,1211,10,1278,7
1999,1231,6,1203,11
1999,1234,5,1412,12
1999,1268,2,1434,15
1999,1307,9,1281,8
1999,1326,4,1293,13
1999,1329,9,1393,8
1999,1385,3,1359,14
1999,1390,2,1108,15
1999,1451,14,1314,3
1999,1150,5,1348,12
1999,1153,3,1206,14
1999,1181,1,1197,16
1999,1242,6,1191,11
1999,1246,3,1308,14
1999,1274,2,1248,15
1999,1275,10,1449,7
1999,1277,1,1291,16
1999,1279,9,1437,8
1999,1283,12,1458,5
1999,1328,13,1112,4
1999,1345,10,1400,7
1999,1396,6,1245,11
1999,1397,4,1174,13
1999,1409,9,1158,8
1999,1428,2,1117,15
1999,1120,1,1329,9
1999,1163,1,1307,9
1999,1196,6,1451,14
1999,1211,10,1390,2
1999,1234,5,1116,4
1999,1268,2,1166,10
1999,1326,4,1178,12
1999,1385,3,1231,6
1999,1181,1,1409,9
1999,1246,3,1242,6
1999,1275,10,1428,2
1999,1277,1,1279,9
1999,1283,12,1397,4
1999,1328,13,1150,5
1999,1345,10,1274,2
1999,1396,6,1153,3
1999,1163,1,1234,5
1999,1211,10,1196,6
1999,1326,4,1120,1
1999,1385,3,1268,2
1999,1181,1,1283,12
1999,1246,3,1275,10
1999,1277,1,1328,13
1999,1396,6,1345,10
1999,1163,1,1211,10
1999,1326,4,1385,3
1999,1181,1,1396,6
1999,1277,1,1246,3
1999,1163,1,1326,4
1999,1181,1,1277,1
1999,1163,1,1181,1
2000,1112,1,1238,16
2000,1120,7,1166,10
2000,1211,10,1257,7
2000,1235,2,1148,15
2000,1246,5,1382,12
2000,1261,4,1369,13
2000,1268,3,1233,14
2000,1277,1,1434,16
2000,1328,3,1457,14
2000,1345,6,1173,11
2000,1385,2,1319,15
2000,1393,4,1359,13
2000,1400,5,1232,12
2000,1417,6,1123,11
2000,1428,8,1387,9
2000,1458,8,1201,9
2000,1153,2,1423,15
2000,1163,5,1429,12
2000,1181,1,1249,16
2000,1196,5,1139,12
2000,1228,4,1335,13
2000,1242,8,1177,9
2000,1274,6,1116,11
2000,1314,8,1281,9
2000,1326,3,1111,14
2000,1329,3,1220,14
2000,1337,11,1231,6
2000,1371,10,1332,7
2000,1390,1,1354,16
2000,1396,2,1248,15
2000,1397,4,1418,13
2000,1409,7,1424,10
2000,1211,10,1385,2
2000,1235,2,1120,7
2000,1261,4,1400,5
2000,1277,1,1428,8
2000,1345,6,1328,3
2000,1393,4,1246,5
2000,1417,6,1268,3
2000,1458,8,1112,1
2000,1181,1,1242,8
2000,1196,5,1228,4
2000,1274,6,1326,3
2000,1314,8,1390,1
2000,1329,3,1337,11
2000,1371,10,1396,2
2000,1397,4,1163,5
2000,1409,7,1153,2
2000,1235,2,1417,6
2000,1277,1,1393,4
2000,1345,6,1211,10
2000,1458,8,1261,4
2000,1196,5,1181,1
2000,1314,8,1397,4
2000,1329,3,1371,10
2000,1409,7,1274,6
2000,1277,1,1235,2
2000,1458,8,1345,6
2000,1196,5,1329,3
2000,1314,8,1409,7
2000,1196,5,1314,8
2000,1277,1,1458,8
2000,1277,1,1196,5
2001,1322,16,1457,16
2001,1130,3,1381,14
2001,1153,5,1140,12
2001,1181,1,1284,16
2001,1207,10,1116,7
2001,1209,11,1458,6
2001,1214,15,1235,2
2001,1234,7,1166,10
2001,1245,13,1231,4
2001,1246,2,1221,15
2001,1268,3,1206,14
2001,1281,9,1208,8
2001,1386,9,1210,8
2001,1390,1,1422,16
2001,1417,4,1220,13
2001,1425,6,1329,11
2001,1429,12,1326,5
2001,1112,2,1183,15
2001,1139,10,1448,7
2001,1150,9,1397,8
2001,1196,3,1443,14
2001,1201,9,1143,8
2001,1211,12,1438,5
2001,1228,1,1322,16
2001,1232,13,1328,4
2001,1242,4,1169,13
2001,1277,1,1106,16
2001,1279,3,1233,14
2001,1314,2,1343,15
2001,1323,6,1462,11
2001,1336,7,1344,10
2001,1393,5,1218,12
2001,1396,11,1400,6
2001,1153,5,1245,13
2001,1181,1,1281,9
2001,1207,10,1214,15
2001,1246,2,1234,7
2001,1268,3,1209,11
2001,1390,1,1386,9
2001,1417,4,1429,12
2001,1425,6,1130,3
2001,1112,2,1139,10
2001,1211,12,1232,13
2001,1228,1,1150,9
2001,1242,4,1393,5
2001,1277,1,1201,9
2001,1279,3,1323,6
2001,1336,7,1314,2
2001,1396,11,1196,3
2001,1181,1,1417,4
2001,1268,3,1207,10
2001,1390,1,1153,5
2001,1425,6,1246,2
2001,1112,2,1279,3
2001,1228,1,1242,4
2001,1277,1,1211,12
2001,1396,11,1336,7
2001,1181,1,1425,6
2001,1268,3,1390,1
2001,1112,2,1228,1
2001,1277,1,1396,11
2001,1112,2,1277,1
2001,1181,1,1268,3
2001,1181,1,1112,2
2002,1373,16,1108,16
2002,1104,2,1194,15
2002,1112,3,1364,14
2002,1181,1,1457,16
2002,1231,5,1428,12
2002,1242,1,1221,16
2002,1245,10,1329,7
2002,1246,4,1434,13
2002,1281,12,1274,5
2002,1323,8,1150,9
2002,1326,4,1172,13
2002,1332,2,1285,15
2002,1390,8,1443,9
2002,1409,12,1266,5
2002,1423,13,1425,4
2002,1448,7,1337,10
2002,1461,11,1211,6
2002,1143,6,1335,11
2002,1153,1,1131,16
2002,1163,2,1214,15
2002,1166,12,1196,5
2002,1208,3,1293,14
2002,1228,4,1361,13
2002,1268,1,1373,16
2002,1280,3,1270,14
2002,1301,7,1277,10
2002,1328,2,1227,15
2002,1338,3,1148,14
2002,1356,11,1403,6
2002,1400,6,1130,11
2002,1417,8,1279,9
2002,1458,8,1385,9
2002,1462,7,1218,10
2002,1112,3,1461,11
2002,1181,1,1323,8
2002,1231,5,1423,13
2002,1242,1,1390,8
2002,1245,10,1104,2
2002,1246,4,1409,12
2002,1281,12,1326,4
2002,1332,2,1448,7
2002,1163,2,1301,7
2002,1228,4,1166,12
2002,1268,1,1458,8
2002,1328,2,1462,7
2002,1338,3,1143,6
2002,1356,11,1208,3
2002,1400,6,1280,3
2002,1417,8,1153,1
2002,1231,5,1181,1
2002,1245,10,1338,3
2002,1281,12,1417,8
2002,1328,2,1112,3
2002,1163,2,1356,11
2002,1242,1,1228,4
2002,1268,1,1246,4
2002,1332,2,1400,6
2002,1231,5,1245,10
2002,1328,2,1281,12
2002,1242,1,1332,2
2002,1268,1,1163,2
2002,1231,5,1328,2
2002,1268,1,1242,1
2002,1268,1,1231,5
2003,1421,16,1411,16
2003,1112,1,1436,16
2003,1113,10,1272,7
2003,1141,11,1166,6
2003,1143,8,1301,9
2003,1163,5,1140,12
2003,1181,3,1161,14
2003,1211,9,1153,8
2003,1228,4,1443,13
2003,1242,2,1429,15
2003,1266,3,1221,14
2003,1281,6,1356,11
2003,1323,5,1454,12
2003,1328,1,1354,16
2003,1390,4,1360,13
2003,1409,13,1173,4
2003,1458,5,1451,12
2003,1120,10,1386,7
2003,1139,12,1280,5
2003,1196,2,1358,15
2003,1231,7,1104,10
2003,1246,1,1237,16
2003,1257,4,1122,13
2003,1268,6,1423,11
2003,1277,7,1160,10
2003,1329,6,1335,11
2003,1338,2,1447,15
2003,1345,9,1261,8
2003,1393,3,1264,14
2003,1400,1,1421,16
2003,1428,9,1332,8
2003,1448,2,1190,15
2003,1462,3,1407,14
2003,1112,1,1211,9
2003,1163,5,1390,4
2003,1181,3,1141,11
2003,1242,2,1113,10
2003,1266,3,1281,6
2003,1323,5,1228,4
2003,1328,1,1143,8
2003,1458,5,1409,13
2003,1120,10,1448,2
2003,1139,12,1257,4
2003,1246,1,1428,9
2003,1268,6,1462,3
2003,1277,7,1196,2
2003,1338,2,1231,7
2003,1393,3,1329,6
2003,1400,1,1345,9
2003,1112,1,1323,5
2003,1242,2,1181,3
2003,1246,1,1458,5
2003,1266,3,1338,2
2003,1277,7,1268,6
2003,1328,1,1139,12
2003,1393,3,1120,10
2003,1400,1,1163,5
2003,1242,2,1112,1
2003,1266,3,1246,1
2003,1393,3,1328,1
2003,1400,1,1277,7
2003,1242,2,1266,3
2003,1393,3,1400,1
2003,1393,3,1242,2
2004,1197,16,1250,16
2004,1104,8,1356,9
2004,1163,2,1436,15
2004,1177,7,1173,10
2004,1181,1,1106,16
2004,1211,2,1434,15
2004,1264,12,1196,5
2004,1268,4,1431,13
2004,1305,10,1277,7
2004,1314,6,1102,11
2004,1371,8,1112,9
2004,1386,1,1251,16
2004,1390,1,1427,16
2004,1393,5,1140,12
2004,1400,3,1343,14
2004,1403,8,1150,9
2004,1448,4,1433,13
2004,1130,6,1428,11
2004,1153,4,1190,13
2004,1210,3,1320,14
2004,1228,5,1293,12
2004,1242,4,1227,13
2004,1246,1,1197,16
2004,1272,7,1376,10
2004,1280,2,1284,15
2004,1301,3,1418,14
2004,1329,2,1186,15
2004,1334,12,1344,5
2004,1338,3,1416,14
2004,1412,9,1449,8
2004,1435,6,1444,11
2004,1458,6,1350,11
2004,1462,7,1257,10
2004,1104,8,1390,1
2004,1163,2,1177,7
2004,1181,1,1371,8
2004,1305,10,1211,2
2004,1386,1,1403,8
2004,1393,5,1268,4
2004,1400,3,1314,6
2004,1448,4,1264,12
2004,1210,3,1130,6
2004,1228,5,1153,4
2004,1242,4,1334,12
2004,1329,2,1272,7
2004,1338,3,1458,6
2004,1412,9,1246,1
2004,1435,6,1301,3
2004,1462,7,1280,2
2004,1104,8,1393,5
2004,1163,2,1435,6
2004,1329,2,1338,3
2004,1386,1,1448,4
2004,1181,1,1228,5
2004,1210,3,1305,10
2004,1242,4,1412,9
2004,1462,7,1400,3
2004,1163,2,1104,8
2004,1329,2,1386,1
2004,1181,1,1462,7
2004,1210,3,1242,4
2004,1163,2,1181,1
2004,1210,3,1329,2
2004,1163,2,1210,3
2005,1324,16,1105,16
2005,1112,3,1429,14
2005,1130,4,1335,13
2005,1153,7,1234,10
2005,1211,3,1457,14
2005,1228,1,1192,16
2005,1246,2,1184,15
2005,1305,9,1400,8
2005,1328,3,1310,14
2005,1334,8,1338,9
2005,1403,6,1417,11
2005,1412,11,1261,6
2005,1428,6,1431,11
2005,1448,2,1151,15
2005,1449,1,1285,16
2005,1452,7,1166,10
2005,1454,12,1104,5
2005,1137,14,1242,3
2005,1163,2,1416,15
2005,1181,1,1175,16
2005,1196,4,1325,13
2005,1210,5,1203,12
2005,1235,9,1278,8
2005,1257,4,1418,13
2005,1277,5,1330,12
2005,1280,9,1390,8
2005,1301,10,1150,7
2005,1314,1,1324,16
2005,1329,2,1368,15
2005,1356,7,1388,10
2005,1436,13,1393,4
2005,1437,5,1307,12
2005,1458,6,1320,11
2005,1112,3,1412,11
2005,1228,1,1305,9
2005,1246,2,1153,7
2005,1403,6,1211,3
2005,1428,6,1328,3
2005,1449,1,1334,8
2005,1452,7,1448,2
2005,1454,12,1130,4
2005,1181,1,1280,9
2005,1257,4,1210,5
2005,1277,5,1436,13
2005,1301,10,1163,2
2005,1314,1,1235,9
2005,1329,2,1356,7
2005,1437,5,1196,4
2005,1458,6,1137,14
2005,1112,3,1329,2
2005,1228,1,1454,12
2005,1257,4,1449,1
2005,1452,7,1403,6
2005,1246,2,1428,6
2005,1277,5,1181,1
2005,1314,1,1437,5
2005,1458,6,1301,10
2005,1228,1,1112,3
2005,1257,4,1452,7
2005,1277,5,1246,2
2005,1314,1,1458,6
2005,1228,1,1257,4
2005,1314,1,1277,5
2005,1314,1,1228,1
2006,1284,16,1214,16
2006,1104,10,1266,7
2006,1130,4,1334,13
2006,1181,1,1380,16
2006,1196,3,1375,14
2006,1203,8,1423,9
2006,1211,3,1462,14
2006,1228,4,1102,13
2006,1231,6,1361,11
2006,1261,4,1233,13
2006,1285,12,1305,5
2006,1397,2,1457,15
2006,1401,12,1393,5
2006,1417,2,1125,15
2006,1449,5,1429,12
2006,1454,11,1328,6
2006,1455,7,1371,10
2006,1112,8,1458,9
2006,1133,13,1242,4
2006,1137,9,1116,8
2006,1163,1,1107,16
2006,1206,11,1277,6
2006,1207,7,1320,10
2006,1246,8,1412,9
2006,1272,1,1331,16
2006,1301,10,1143,7
2006,1314,3,1293,14
2006,1322,14,1234,3
2006,1326,2,1172,15
2006,1338,5,1245,12
2006,1400,2,1335,15
2006,1437,1,1284,16
2006,1452,6,1356,11
2006,1130,4,1285,12
2006,1181,1,1203,8
2006,1196,3,1454,11
2006,1211,3,1231,6
2006,1261,4,1401,12
2006,1417,2,1104,10
2006,1449,5,1228,4
2006,1455,7,1397,2
2006,1133,13,1338,5
2006,1163,1,1246,8
2006,1206,11,1314,3
2006,1207,7,1326,2
2006,1272,1,1137,9
2006,1400,2,1301,10
2006,1437,1,1112,8
2006,1452,6,1322,14
2006,1261,4,1181,1
2006,1272,1,1133,13
2006,1400,2,1452,6
2006,1417,2,1211,3
2006,1163,1,1449,5
2006,1196,3,1207,7
2006,1206,11,1455,7
2006,1437,1,1130,4
2006,1261,4,1400,2
2006,1417,2,1272,1
2006,1196,3,1437,1
2006,1206,11,1163,1
2006,1196,3,1206,11
2006,1417,2,1261,4
2006,1196,3,1417,2
2007,1310,16,1197,16
2007,1130,7,1403,10
2007,1139,5,1330,12
2007,1207,2,1125,15
2007,1231,7,1211,10
2007,1257,6,1390,11
2007,1268,4,1172,13
2007,1277,9,1266,8
2007,1314,1,1184,16
2007,1326,1,1148,16
2007,1338,3,1460,14
2007,1401,3,1335,14
2007,1417,2,1451,15
2007,1433,11,1181,6
2007,1435,6,1203,11
2007,1450,3,1331,14
2007,1462,9,1140,8
2007,1196,1,1238,16
2007,1242,1,1310,16
2007,1246,8,1437,9
2007,1272,2,1317,15
2007,1305,7,1166,10
2007,1332,3,1275,14
2007,1345,9,1112,8
2007,1356,4,1221,13
2007,1397,5,1253,12
2007,1400,4,1308,13
2007,1424,7,1210,10
2007,1425,5,1116,12
2007,1438,4,1107,13
2007,1439,5,1228,12
2007,1457,11,1323,6
2007,1458,2,1394,15
2007,1139,5,1268,4
2007,1207,2,1130,7
2007,1314,1,1277,9
2007,1326,1,1462,9
2007,1338,3,1433,11
2007,1401,3,1257,6
2007,1417,2,1231,7
2007,1435,6,1450,3
2007,1196,1,1345,9
2007,1242,1,1246,8
2007,1272,2,1305,7
2007,1332,3,1457,11
2007,1356,4,1439,5
2007,1397,5,1438,4
2007,1424,7,1458,2
2007,1425,5,1400,4
2007,1242,1,1356,4
2007,1272,2,1401,3
2007,1326,1,1397,5
2007,1417,2,1338,3
2007,1196,1,1139,5
2007,1207,2,1435,6
2007,1314,1,1425,5
2007,1332,3,1424,7
2007,1326,1,1272,2
2007,1417,2,1242,1
2007,1196,1,1332,3
2007,1207,2,1314,1
2007,1196,1,1417,2
2007,1326,1,1207,2
2007,1196,1,1326,1
2008,1291,16,1164,16
2008,1181,2,1125,15
2008,1242,1,1340,16
2008,1243,11,1425,6
2008,1266,6,1246,11
2008,1277,5,1396,12
2008,1323,5,1206,12
2008,1338,4,1331,13
2008,1345,6,1124,11
2008,1390,3,1165,14
2008,1401,9,1140,8
2008,1417,1,1290,16
2008,1424,8,1245,9
2008,1450,4,1457,13
2008,1452,7,1112,10
2008,1458,3,1168,14
2008,1462,3,1208,14
2008,1116,9,1231,8
2008,1139,7,1375,10
2008,1172,10,1211,7
2008,1207,2,1420,15
2008,1257,3,1129,14
2008,1272,1,1426,16
2008,1274,7,1388,10
2008,1280,8,1332,9
2008,1314,1,1291,16
2008,1328,6,1386,11
2008,1360,13,1163,4
2008,1373,13,1435,4
2008,1397,2,1110,15
2008,1400,2,1122,15
2008,1437,12,1155,5
2008,1443,12,1179,5
2008,1242,1,1424,8
2008,1277,5,1338,4
2008,1390,3,1266,6
2008,1417,1,1401,9
2008,1450,4,1323,5
2008,1452,7,1181,2
2008,1458,3,1243,11
2008,1462,3,1345,6
2008,1172,10,1207,2
2008,1257,3,1328,6
2008,1272,1,1280,8
2008,1314,1,1116,9
2008,1397,2,1139,7
2008,1400,2,1274,7
2008,1437,12,1373,13
2008,1443,12,1360,13
2008,1257,3,1397,2
2008,1314,1,1450,4
2008,1417,1,1443,12
2008,1462,3,1452,7
2008,1172,10,1458,3
2008,1242,1,1437,12
2008,1272,1,1277,5
2008,1400,2,1390,3
2008,1314,1,1257,3
2008,1417,1,1462,3
2008,1242,1,1172,10
2008,1272,1,1400,2
2008,1242,1,1314,1
2008,1272,1,1417,1
2008,1242,1,1272,1
2009,1287,16,1106,16
2009,1163,1,1151,16
2009,1181,2,1127,15
2009,1211,4,1103,13
2009,1261,8,1139,9
2009,1268,10,1143,7
2009,1272,2,1169,15
2009,1276,10,1155,7
2009,1314,1,1347,16
2009,1328,2,1288,15
2009,1345,5,1320,12
2009,1400,7,1278,10
2009,1401,9,1140,8
2009,1417,6,1433,11
2009,1437,3,1110,14
2009,1443,12,1228,5
2009,1449,4,1280,13
2009,1112,12,1428,5
2009,1113,6,1396,11
2009,1156,13,1448,4
2009,1173,11,1452,6
2009,1242,3,1295,14
2009,1257,1,1287,16
2009,1266,6,1429,11
2009,1277,2,1352,15
2009,1281,3,1165,14
2009,1329,8,1397,9
2009,1338,1,1190,16
2009,1373,9,1326,8
2009,1393,3,1372,14
2009,1425,10,1130,7
2009,1458,12,1199,5
2009,1462,4,1340,13
2009,1163,1,1401,9
2009,1181,2,1400,7
2009,1211,4,1443,12
2009,1272,2,1268,10
2009,1314,1,1261,8
2009,1328,2,1276,10
2009,1345,5,1449,4
2009,1437,3,1417,6
2009,1112,12,1156,13
2009,1242,3,1173,11
2009,1257,1,1373,9
2009,1277,2,1425,10
2009,1281,3,1266,6
2009,1338,1,1329,8
2009,1393,3,1113,6
2009,1462,4,1458,12
2009,1163,1,1345,5
2009,1281,3,1272,2
2009,1338,1,1462,4
2009,1437,3,1181,2
2009,1257,1,1112,12
2009,1277,2,1242,3
2009,1314,1,1211,4
2009,1328,2,1393,3
2009,1163,1,1281,3
2009,1437,3,1338,1
2009,1277,2,1257,1
2009,1314,1,1328,2
2009,1277,2,1163,1
2009,1314,1,1437,3
2009,1314,1,1277,2
2010,1115,16,1457,16
2010,1124,3,1358,14
2010,1139,5,1431,12
2010,1140,7,1196,10
2010,1242,1,1250,16
2010,1243,2,1317,15
2010,1246,1,1190,16
2010,1293,13,1435,4
2010,1307,3,1285,14
2010,1320,9,1424,8
2010,1325,14,1207,3
2010,1330,11,1323,6
2010,1388,10,1350,7
2010,1397,6,1361,11
2010,1437,2,1352,15
2010,1448,9,1400,8
2010,1449,11,1266,6
2010,1143,8,1257,9
2010,1165,12,1396,5
2010,1181,1,1115,16
2010,1210,10,1329,7
2010,1211,8,1199,9
2010,1268,4,1222,13
2010,1277,5,1308,12
2010,1281,10,1155,7
2010,1326,2,1364,15
2010,1338,3,1324,14
2010,1345,4,1373,13
2010,1393,1,1436,16
2010,1401,5,1429,12
2010,1452,2,1288,15
2010,1458,4,1459,13
2010,1462,6,1278,11
2010,1124,3,1330,11
2010,1139,5,1293,13
2010,1243,2,1140,7
2010,1246,1,1448,9
2010,1320,9,1242,1
2010,1388,10,1437,2
2010,1397,6,1325,14
2010,1449,11,1307,3
2010,1165,12,1458,4
2010,1181,1,1143,8
2010,1277,5,1268,4
2010,1326,2,1210,10
2010,1345,4,1401,5
2010,1393,1,1211,8
2010,1452,2,1281,10
2010,1462,6,1338,3
2010,1139,5,1393,1
2010,1243,2,1462,6
2010,1246,1,1165,12
2010,1452,2,1449,11
2010,1124,3,1388,10
2010,1181,1,1345,4
2010,1277,5,1320,9
2010,1397,6,1326,2
2010,1139,5,1243,2
2010,1452,2,1246,1
2010,1181,1,1124,3
2010,1277,5,1397,6
2010,1139,5,1277,5
2010,1181,1,1452,2
2010,1181,1,1139,5
2011,1155,12,1412,12
2011,1421,16,1114,16
2011,1427,16,1106,16
2011,1433,11,1425,11
2011,1139,8,1330,9
2011,1140,3,1459,14
2011,1153,6,1281,11
2011,1163,3,1137,14
2011,1196,2,1364,15
2011,1211,11,1385,6
2011,1243,5,1429,12
2011,1246,4,1343,13
2011,1287,13,1257,4
2011,1338,1,1421,16
2011,1350,12,1435,5
2011,1361,2,1294,15
2011,1396,7,1336,10
2011,1417,7,1277,10
2011,1452,5,1155,12
2011,1458,4,1125,13
2011,1112,5,1272,12
2011,1181,1,1214,16
2011,1199,10,1401,7
2011,1206,8,1437,9
2011,1228,9,1424,8
2011,1242,1,1131,16
2011,1266,11,1462,6
2011,1276,8,1397,9
2011,1314,2,1254,15
2011,1323,2,1103,15
2011,1326,1,1427,16
2011,1345,3,1389,14
2011,1393,3,1232,14
2011,1400,4,1324,13
2011,1433,11,1207,6
2011,1449,7,1208,10
2011,1139,8,1338,1
2011,1140,3,1211,11
2011,1163,3,1153,6
2011,1196,2,1417,7
2011,1246,4,1452,5
2011,1350,12,1287,13
2011,1361,2,1396,7
2011,1458,4,1243,5
2011,1112,5,1400,4
2011,1181,1,1276,8
2011,1199,10,1323,2
2011,1242,1,1228,9
2011,1266,11,1393,3
2011,1314,2,1449,7
2011,1326,1,1206,8
2011,1433,11,1345,3
2011,1112,5,1181,1
2011,1139,8,1458,4
2011,1163,3,1361,2
2011,1196,2,1140,3
2011,1242,1,1350,12
2011,1246,4,1326,1
2011,1314,2,1266,11
2011,1433,11,1199,10
2011,1139,8,1196,2
2011,1163,3,1112,5
2011,1246,4,1314,2
2011,1433,11,1242,1
2011,1139,8,1433,11
2011,1163,3,1246,4
2011,1163,3,1139,8
2012,1140,14,1233,14
2012,1443,16,1290,16
2012,1378,12,1143,12
2012,1436,16,1249,16
2012,1124,3,1355,14
2012,1160,11,1424,6
2012,1211,7,1452,10
2012,1231,4,1308,13
2012,1235,8,1163,9
2012,1243,8,1379,9
2012,1246,1,1443,16
2012,1257,4,1172,13
2012,1266,3,1140,14
2012,1293,6,1161,11
2012,1307,5,1253,12
2012,1326,2,1259,15
2012,1393,1,1421,16
2012,1433,12,1455,5
2012,1435,5,1217,12
2012,1458,4,1285,13
2012,1153,6,1400,11
2012,1166,8,1104,9
2012,1196,7,1438,10
2012,1199,3,1382,14
2012,1207,3,1125,14
2012,1242,2,1178,15
2012,1250,15,1181,2
2012,1277,1,1254,16
2012,1301,11,1361,6
2012,1313,15,1281,2
2012,1314,1,1436,16
2012,1325,13,1276,4
2012,1345,10,1388,7
2012,1378,12,1396,5
2012,1387,9,1272,8
2012,1462,10,1323,7
2012,1124,3,1160,11
2012,1231,4,1433,12
2012,1246,1,1235,8
2012,1257,4,1307,5
2012,1266,3,1293,6
2012,1326,2,1211,7
2012,1393,1,1243,8
2012,1458,4,1435,5
2012,1153,6,1199,3
2012,1196,7,1313,15
2012,1242,2,1345,10
2012,1277,1,1387,9
2012,1301,11,1207,3
2012,1314,1,1166,8
2012,1325,13,1378,12
2012,1462,10,1250,15
2012,1196,7,1266,3
2012,1257,4,1277,1
2012,1326,2,1153,6
2012,1393,1,1458,4
2012,1124,3,1462,10
2012,1242,2,1301,11
2012,1246,1,1231,4
2012,1314,1,1325,13
2012,1257,4,1196,7
2012,1326,2,1393,1
2012,1242,2,1314,1
2012,1246,1,1124,3
2012,1242,2,1326,2
2012,1246,1,1257,4
2012,1246,1,1242,2
2013,1299,16,1251,16
2013,1388,11,1292,11
2013,1241,16,1254,16
2013,1247,13,1129,13
2013,1112,6,1125,11
2013,1139,6,1137,11
2013,1143,12,1424,5
2013,1161,8,1281,9
2013,1211,1,1380,16
2013,1217,14,1307,3
2013,1257,1,1299,16
2013,1266,3,1172,14
2013,1272,6,1388,11
2013,1276,4,1355,13
2013,1277,3,1434,14
2013,1332,12,1329,5
2013,1387,4,1308,13
2013,1393,4,1285,13
2013,1433,5,1103,12
2013,1455,9,1338,8
2013,1166,7,1153,10
2013,1181,2,1107,15
2013,1195,15,1207,2
2013,1196,3,1322,14
2013,1228,7,1160,10
2013,1231,1,1241,16
2013,1235,10,1323,7
2013,1242,1,1443,16
2013,1247,13,1243,4
2013,1274,2,1334,15
2013,1278,11,1417,6
2013,1279,12,1458,5
2013,1314,8,1437,9
2013,1326,2,1233,15
2013,1361,7,1328,10
2013,1396,9,1301,8
2013,1112,6,1217,14
2013,1257,1,1161,8
2013,1266,3,1139,6
2013,1276,4,1433,5
2013,1277,3,1272,6
2013,1332,12,1387,4
2013,1393,4,1143,12
2013,1455,9,1211,1
2013,1181,2,1166,7
2013,1195,15,1361,7
2013,1196,3,1278,11
2013,1231,1,1396,9
2013,1242,1,1314,8
2013,1247,13,1279,12
2013,1274,2,1228,7
2013,1326,2,1235,10
2013,1266,3,1274,2
2013,1326,2,1112,6
2013,1393,4,1231,1
2013,1455,9,1247,13
2013,1181,2,1277,3
2013,1196,3,1195,15
2013,1257,1,1332,12
2013,1276,4,1242,1
2013,1393,4,1266,3
2013,1455,9,1326,2
2013,1257,1,1181,2
2013,1276,4,1196,3
2013,1257,1,1455,9
2013,1276,4,1393,4
2013,1257,1,1276,4
2014,1107,16,1291,16
2014,1301,12,1462,12
2014,1142,16,1411,16
2014,1397,11,1234,11
2014,1163,7,1386,10
2014,1173,11,1326,6
2014,1196,1,1107,16
2014,1217,12,1153,5
2014,1257,4,1264,13
2014,1276,2,1459,15
2014,1277,4,1174,13
2014,1295,12,1328,5
2014,1332,7,1140,10
2014,1338,9,1160,8
2014,1361,4,1308,13
2014,1387,5,1301,12
2014,1393,3,1444,14
2014,1400,7,1113,10
2014,1437,2,1454,15
2014,1458,2,1110,15
2014,1112,1,1451,16
2014,1124,6,1304,11
2014,1166,3,1418,14
2014,1211,8,1329,9
2014,1235,3,1300,14
2014,1242,2,1184,15
2014,1246,8,1243,9
2014,1272,8,1203,9
2014,1273,14,1181,3
2014,1314,6,1344,11
2014,1372,12,1433,5
2014,1390,10,1307,7
2014,1397,11,1269,6
2014,1417,4,1409,13
2014,1438,1,1157,16
2014,1455,1,1142,16
2014,1163,7,1437,2
2014,1173,11,1393,3
2014,1196,1,1338,9
2014,1257,4,1387,5
2014,1276,2,1400,7
2014,1277,4,1217,12
2014,1361,4,1295,12
2014,1458,2,1332,7
2014,1112,1,1211,8
2014,1124,6,1166,3
2014,1235,3,1314,6
2014,1246,8,1455,1
2014,1390,10,1242,2
2014,1397,11,1273,14
2014,1417,4,1372,12
2014,1438,1,1272,8
2014,1112,1,1361,4
2014,1173,11,1390,10
2014,1196,1,1417,4
2014,1458,2,1124,6
2014,1163,7,1235,3
2014,1246,8,1257,4
2014,1276,2,1397,11
2014,1277,4,1438,1
2014,1196,1,1173,11
2014,1458,2,1112,1
2014,1163,7,1277,4
2014,1246,8,1276,2
2014,1163,7,1196,1
2014,1246,8,1458,2
2014,1163,7,1246,8
2015,1214,16,1264,16
2015,1279,11,1140,11
2015,1173,11,1129,11
2015,1352,16,1316,16
2015,1112,2,1411,15
2015,1116,5,1459,12
2015,1139,6,1400,11
2015,1153,8,1345,9
2015,1207,4,1186,13
2015,1209,14,1124,3
2015,1246,1,1214,16
2015,1301,8,1261,9
2015,1314,4,1217,13
2015,1323,3,1318,14
2015,1326,10,1433,7
2015,1412,14,1235,3
2015,1417,11,1374,6
2015,1428,5,1372,12
2015,1437,1,1248,16
2015,1462,6,1279,11
2015,1173,11,1344,6
2015,1181,1,1352,16
2015,1211,2,1295,15
2015,1234,7,1172,10
2015,1242,2,1308,15
2015,1257,4,1414,13
2015,1268,4,1434,13
2015,1277,7,1208,10
2015,1320,5,1461,12
2015,1328,3,1107,14
2015,1332,8,1329,9
2015,1361,8,1385,9
2015,1438,2,1125,15
2015,1452,5,1138,12
2015,1455,7,1231,10
2015,1458,1,1157,16
2015,1112,2,1326,10
2015,1246,1,1153,8
2015,1301,8,1437,1
2015,1314,4,1116,5
2015,1323,3,1139,6
2015,1417,11,1412,14
2015,1428,5,1207,4
2015,1462,6,1209,14
2015,1181,1,1361,8
2015,1211,2,1234,7
2015,1257,4,1320,5
2015,1277,7,1438,2
2015,1328,3,1173,11
2015,1452,5,1268,4
2015,1455,7,1242,2
2015,1458,1,1332,8
2015,1112,2,1462,6
2015,1246,1,1452,5
2015,1323,3,1455,7
2015,1458,1,1314,4
2015,1181,1,1428,5
2015,1211,2,1417,11
2015,1257,4,1301,8
2015,1277,7,1328,3
2015,1246,1,1323,3
2015,1458,1,1112,2
2015,1181,1,1211,2
2015,1277,7,1257,4
2015,1181,1,1277,7
2015,1458,1,1246,1
2015,1181,1,1458,1
2016,1195,16,1192,16
2016,1455,11,1435,11
2016,1221,16,1380,16
2016,1276,11,1409,11
2016,1114,12,1345,5
2016,1139,9,1403,8
2016,1163,9,1160,8
2016,1181,4,1423,13
2016,1211,11,1371,6
2016,1231,5,1151,12
2016,1235,4,1233,13
2016,1242,1,1122,16
2016,1246,4,1392,13
2016,1274,3,1138,14
2016,1314,1,1195,16
2016,1344,9,1425,8
2016,1428,3,1201,14
2016,1438,1,1214,16
2016,1455,11,1112,6
2016,1463,12,1124,5
2016,1218,13,1143,4
2016,1234,7,1396,10
2016,1268,5,1355,12
2016,1292,15,1277,2
2016,1320,11,1400,6
2016,1323,6,1276,11
2016,1328,2,1167,15
2016,1332,1,1221,16
2016,1372,14,1452,3
2016,1386,8,1153,9
2016,1393,10,1173,7
2016,1401,3,1453,14
2016,1433,10,1333,7
2016,1437,2,1421,15
2016,1458,7,1338,10
2016,1462,2,1451,15
2016,1181,4,1463,12
2016,1211,11,1428,3
2016,1231,5,1246,4
2016,1235,4,1114,12
2016,1242,1,1163,9
2016,1274,3,1455,11
2016,1314,1,1344,9
2016,1438,1,1139,9
2016,1268,5,1218,13
2016,1323,6,1372,14
2016,1328,2,1433,10
2016,1332,1,1386,8
2016,1393,10,1292,15
2016,1401,3,1320,11
2016,1437,2,1234,7
2016,1458,7,1462,2
2016,1242,1,1268,5
2016,1328,2,1401,3
2016,1332,1,1181,4
2016,1437,2,1274,3
2016,1314,1,1231,5
2016,1323,6,1458,7
2016,1393,10,1211,11
2016,1438,1,1235,4
2016,1328,2,1332,1
2016,1437,2,1242,1
2016,1314,1,1323,6
2016,1393,10,1438,1
2016,1314,1,1393,10
2016,1437,2,1328,2
2016,1437,2,1314,1
2017,1243,11,1448,11
2017,1291,16,1309,16
2017,1413,16,1300,16
2017,1425,11,1344,11
2017,1112,2,1315,15
2017,1139,4,1457,13
2017,1196,4,1190,13
2017,1199,3,1195,14
2017,1211,1,1355,16
2017,1235,5,1305,12
2017,1292,12,1278,5
2017,1321,8,1435,9
2017,1323,5,1343,12
2017,1345,4,1436,13
2017,1388,7,1433,10
2017,1437,1,1291,16
2017,1438,5,1423,12
2017,1452,4,1137,13
2017,1458,8,1439,9
2017,1462,11,1268,6
2017,1116,8,1371,9
2017,1124,3,1308,14
2017,1153,6,1243,11
2017,1181,2,1407,15
2017,1242,1,1413,16
2017,1246,2,1297,15
2017,1257,2,1240,15
2017,1276,7,1329,10
2017,1277,9,1274,8
2017,1314,1,1411,16
2017,1332,3,1233,14
2017,1348,11,1166,6
2017,1376,7,1266,10
2017,1417,3,1245,14
2017,1425,11,1374,6
2017,1455,10,1173,7
2017,1112,2,1388,7
2017,1139,4,1292,12
2017,1196,4,1438,5
2017,1211,1,1321,8
2017,1345,4,1235,5
2017,1452,4,1323,5
2017,1458,8,1437,1
2017,1462,11,1199,3
2017,1124,3,1425,11
2017,1242,1,1277,9
2017,1246,2,1455,10
2017,1276,7,1257,2
2017,1314,1,1116,8
2017,1332,3,1348,11
2017,1376,7,1181,2
2017,1417,3,1153,6
2017,1211,1,1452,4
2017,1242,1,1345,4
2017,1332,3,1276,7
2017,1462,11,1112,2
2017,1196,4,1458,8
2017,1246,2,1417,3
2017,1314,1,1139,4
2017,1376,7,1124,3
2017,1211,1,1462,11
2017,1332,3,1242,1
2017,1314,1,1246,2
2017,1376,7,1196,4
2017,1211,1,1376,7
2017,1314,1,1332,3
2017,1314,1,1211,1
